text,label,pred,gold_label_name,pred_label_name,error_pair,dataset,manual_error_type,notes
"...what about death _metal_? I want more death METAL... Tell me, you hateful Keebler Elf, WHERE CAN I HAVE MORE DEATH METAL???? ",1,0,offensive,normal,offensive -> normal,TweetEval,Missing or ambiguous context,"The tweet is short and context-dependent, so the intended target and meaning are unclear without surrounding context."
Am I a dickhead ???? Probably yes ,1,0,offensive,normal,offensive -> normal,TweetEval,Profanity/slang used non-hatefully,"Contains profanity or slang, but it is used as casual banter, self-expression, or emotional emphasis rather than hate speech."
$uicideboy$ ON HALLOWEEN its aboout to get sooooo FUCKING spooky ,1,0,offensive,normal,offensive -> normal,TweetEval,Profanity/slang used non-hatefully,"Contains profanity or slang, but it is used as casual banter, self-expression, or emotional emphasis rather than hate speech."
". a grown ass woman, probably 10 years older than me is currently spreading rumors rather than talking to me about it, nice work you got there satan ❤️ ",1,2,offensive,hate,offensive -> hate,TweetEval,Offensive-hate boundary ambiguity,"The text is clearly abusive, but the target group and hateful intent are not explicit, making the boundary between offensive and hate ambiguous."
#LockHimUpNow #MAGA #QAnon @user best President ever ,0,1,normal,offensive,normal -> offensive,TweetEval,Political hashtag or slogan bias,"Contains political hashtags or anti-immigration/religion cues, which likely triggered a toxic prediction, but the text does not explicitly express hate toward a protected group."
"#WednesdayWisdom Antifa calls the right fascist when, in all reality, they and the left are following the same scenario as the Third Reich: indoctrination of our youth, trying to control minorities and a total lack of understanding or knowledge of history.  #WalkAway ",0,1,normal,offensive,normal -> offensive,TweetEval,Political hashtag or slogan bias,"Contains political hashtags or anti-immigration/religion cues, which likely triggered a toxic prediction, but the text does not explicitly express hate toward a protected group."
Been listening to LP th whole shift. Life is a bitch. But we must continue the fight. RIP ,0,1,normal,offensive,normal -> offensive,TweetEval,Profanity/slang used non-hatefully,"Contains profanity or slang, but it is used as casual banter, self-expression, or emotional emphasis rather than hate speech."
@user Also the whole bitch thing you did to my bio is kinda what I was going to do for my name link ,0,1,normal,offensive,normal -> offensive,TweetEval,Profanity/slang used non-hatefully,"Contains profanity or slang, but it is used as casual banter, self-expression, or emotional emphasis rather than hate speech."
@user @user Bitch you stole this from Tron ,0,1,normal,offensive,normal -> offensive,TweetEval,Profanity/slang used non-hatefully,"Contains profanity or slang, but it is used as casual banter, self-expression, or emotional emphasis rather than hate speech."
An American Tail really is one of the most underrated animations ever ever ever. Fuck I cried in this scene ,0,1,normal,offensive,normal -> offensive,TweetEval,Profanity/slang used non-hatefully,"Contains profanity or slang, but it is used as casual banter, self-expression, or emotional emphasis rather than hate speech."
@user bitch I'm sad as hell shit ruined my whole day now I gotta go sit by a lake and skip rocks and contemplate life ,0,1,normal,offensive,normal -> offensive,TweetEval,Profanity/slang used non-hatefully,"Contains profanity or slang, but it is used as casual banter, self-expression, or emotional emphasis rather than hate speech."
"I am a Targeted Individual @user Follows you I'm a Child of God, have been #gangstalked for 11 years. Have you been #gangstalked? #buildthewall #setlizfree #imawake #nodaca #trumpsupporter #deplorable ",0,2,normal,hate,normal -> hate,TweetEval,Missing or ambiguous context,"The tweet is short and context-dependent, so the intended target and meaning are unclear without surrounding context."
@user @user When we say #BuildThatWall at this is how @user respond!#RETWEET ,0,2,normal,hate,normal -> hate,TweetEval,Missing or ambiguous context,"The tweet is short and context-dependent, so the intended target and meaning are unclear without surrounding context."
Westminster terror attack suspect named as 'Sudanese Rapefugee who drove around London looking for targets' before driving car into cyclists ,0,2,normal,hate,normal -> hate,TweetEval,Missing or ambiguous context,"The tweet is short and context-dependent, so the intended target and meaning are unclear without surrounding context."
"all these niggas that be friends stay in my DM.. bitch i am not a hoe, and no you will never fuck. y'all so damn annoying !!!!!! ",0,2,normal,hate,normal -> hate,TweetEval,Profanity/slang used non-hatefully,"Contains profanity or slang, but it is used as casual banter, self-expression, or emotional emphasis rather than hate speech."
@user @user Levi's use to be an American company. It is not nothing but a global socialist company that uses slave labor to make products. Then ship them back to America and charge outrageous inflated prices. I don't buy and want start now. #MAGA #DrainingTheSwamp #BuildThatWall ,0,2,normal,hate,normal -> hate,TweetEval,Offensive-hate boundary ambiguity,"The text is clearly abusive, but the target group and hateful intent are not explicit, making the boundary between offensive and hate ambiguous."
@user hey white trash go fuck your self dumb shit hoe bitch disgusting hoe ,0,2,normal,hate,normal -> hate,TweetEval,Offensive-hate boundary ambiguity,"The text is clearly abusive, but the target group and hateful intent are not explicit, making the boundary between offensive and hate ambiguous."
females are even worse 💀 fuccin whores will clique up when they only got one thing in common = mutual hate for ONE bitch. ,0,2,normal,hate,normal -> hate,TweetEval,Offensive-hate boundary ambiguity,"The text is clearly abusive, but the target group and hateful intent are not explicit, making the boundary between offensive and hate ambiguous."
Amen. #MAGA #WalkAway #LeaveDNC #VoteRed2018 #Trump2020 #TrumpPence2020 #WakeUp #NoJihad #NoDACA ,0,2,normal,hate,normal -> hate,TweetEval,Political hashtag or slogan bias,"Contains political hashtags or anti-immigration/religion cues, which likely triggered a toxic prediction, but the text does not explicitly express hate toward a protected group."
"@user Comey's 7/5/16 phony statement absolved Hillary because she didn't ""knowingly"" break laws.Booker ADMITS to violating the rules. He needs to be prosecuted and/or admonished.#MAGA #KAG #POTUS #Trump #NEWS #VoteRed #NoDACA #WalkAway #AmericaFirst #USA #BackTheBlue ",0,2,normal,hate,normal -> hate,TweetEval,Political hashtag or slogan bias,"Contains political hashtags or anti-immigration/religion cues, which likely triggered a toxic prediction, but the text does not explicitly express hate toward a protected group."
"@user Saw you on Watters last night - SO funny!! You had a great time, & so did those watching!If you like Dr. Gina, don't miss tonight's WattersWorld!!#MAGA #KAG #POTUS #Trump #NEWS #VoteRed #NoDACA #WalkAway #AmericaFirst #USA #BackTheBlue #AllLivesMatter ",0,2,normal,hate,normal -> hate,TweetEval,Political hashtag or slogan bias,"Contains political hashtags or anti-immigration/religion cues, which likely triggered a toxic prediction, but the text does not explicitly express hate toward a protected group."
"@user @user This will be great. Hope @user puts someone in charge who makes sure All $$$ goes toward construction costs. And he/she better get it going after day, Every million donated. #BuildThatWall ",0,2,normal,hate,normal -> hate,TweetEval,Political hashtag or slogan bias,"Contains political hashtags or anti-immigration/religion cues, which likely triggered a toxic prediction, but the text does not explicitly express hate toward a protected group."
@user @user @user leave my bitch alone people make mistakes so stfu a go somewhere you big shoe lookin ass mf ,0,2,normal,hate,normal -> hate,TweetEval,Profanity/slang used non-hatefully,"Contains profanity or slang, but it is used as casual banter, self-expression, or emotional emphasis rather than hate speech."
"Hate seeing articles about ""what men should or should not wear/do..."" To whoever comes up with this sh!t: BITCH, mind your own business... ",0,2,normal,hate,normal -> hate,TweetEval,Profanity/slang used non-hatefully,"Contains profanity or slang, but it is used as casual banter, self-expression, or emotional emphasis rather than hate speech."
"If only American citizens are counted, congressional districts and electoral college votes would shift power away from the affluent, metropolitan coastal cities. #ElectionFraud #IllegalAliens #MAGA ",0,2,normal,hate,normal -> hate,TweetEval,Political hashtag or slogan bias,"Contains political hashtags or anti-immigration/religion cues, which likely triggered a toxic prediction, but the text does not explicitly express hate toward a protected group."
@user @user @user @user @user That was not bought in store! Black market merchandise. Yet Libs want to crack down on legal owners? Typical delusion. #Rifle #NRA #BuildThatWall ,0,2,normal,hate,normal -> hate,TweetEval,Political hashtag or slogan bias,"Contains political hashtags or anti-immigration/religion cues, which likely triggered a toxic prediction, but the text does not explicitly express hate toward a protected group."
In Mexico & CanadaONLY NATIVE BORN CITIZENS ARE ALLOWED TO VOTE IN THEIR ELECTIONS & EXCLUDES NATURALIZED CITIZENS!We should do the same in U.S.A.#RETWEET#RESIST#ThursdayThoughts #TrumpKnew Help #BuildThatWall @ #EndDACA#TheFive ,0,2,normal,hate,normal -> hate,TweetEval,Political hashtag or slogan bias,"Contains political hashtags or anti-immigration/religion cues, which likely triggered a toxic prediction, but the text does not explicitly express hate toward a protected group."
@user I'm sure glad I didn't just call fence jumpers #IllegalAliens ,0,2,normal,hate,normal -> hate,TweetEval,Political hashtag or slogan bias,"Contains political hashtags or anti-immigration/religion cues, which likely triggered a toxic prediction, but the text does not explicitly express hate toward a protected group."
@user @user @user Still think Canada should build a giant ice wall. If Trump builds a southern boarder wall then they'll all be contained. #BuildThatWall ,0,2,normal,hate,normal -> hate,TweetEval,Political hashtag or slogan bias,"Contains political hashtags or anti-immigration/religion cues, which likely triggered a toxic prediction, but the text does not explicitly express hate toward a protected group."
"If you have a bitch, don't text me. Don't try to flirt with me. Respect your hoe. I should not have to be the one defending this thot. ",0,2,normal,hate,normal -> hate,TweetEval,Profanity/slang used non-hatefully,"Contains profanity or slang, but it is used as casual banter, self-expression, or emotional emphasis rather than hate speech."
i gotcha man thats all i gotta say everybody know you a hoe anyway bitch recognize i got these thick thighs ,0,2,normal,hate,normal -> hate,TweetEval,Profanity/slang used non-hatefully,"Contains profanity or slang, but it is used as casual banter, self-expression, or emotional emphasis rather than hate speech."
✨🌈: wasupppp dyke😂 I love you daddy lmaooo you my bitch and you cute and gay asffff smoke one before school hoe ! ,0,2,normal,hate,normal -> hate,TweetEval,Quoted/counter-speech/reclaimed usage,"The tweet contains sensitive language in a quoted, discussed, or reclaimed form rather than direct hateful intent."
@user @user @user Amen #OneNationUnderGod #ToGodBeTheGlory#WWG1WGA#BlueLivesMatter #WalkAway#PatriotsUnited #AmericaFirst #BuildThatWall #BestPresidentEver#SaveTheChildren@POTUS@FLOTUS @user @user @user Choose Life ,0,2,normal,hate,normal -> hate,TweetEval,Political hashtag or slogan bias,"Contains political hashtags or anti-immigration/religion cues, which likely triggered a toxic prediction, but the text does not explicitly express hate toward a protected group."
@user @user All glory to a pair of con artists who spent eight years working for their Billionaire Buddies. #WalkAwayMarch #NRA #ICE #BuildThatWall #Veterans ,0,2,normal,hate,normal -> hate,TweetEval,Political hashtag or slogan bias,"Contains political hashtags or anti-immigration/religion cues, which likely triggered a toxic prediction, but the text does not explicitly express hate toward a protected group."
The Sheriff needs all of the help he can get! #Trump #IllegalAliens ,0,2,normal,hate,normal -> hate,TweetEval,Political hashtag or slogan bias,"Contains political hashtags or anti-immigration/religion cues, which likely triggered a toxic prediction, but the text does not explicitly express hate toward a protected group."
Get it right bitch . im wife hoe . and nun of you broke bitches cant replace me . ,0,2,normal,hate,normal -> hate,TweetEval,Profanity/slang used non-hatefully,"Contains profanity or slang, but it is used as casual banter, self-expression, or emotional emphasis rather than hate speech."
"YASS Queen, keep blessing us! Shoe game on psychotic bitch    @user ",0,2,normal,hate,normal -> hate,TweetEval,Profanity/slang used non-hatefully,"Contains profanity or slang, but it is used as casual banter, self-expression, or emotional emphasis rather than hate speech."
HOE MY GOOOODDD YESSSSS BITCH !!!! Wow you're so beautiful 💞😍😍💞😍 how can someone be so hotttt 😋😋😋 ,0,2,normal,hate,normal -> hate,TweetEval,Profanity/slang used non-hatefully,"Contains profanity or slang, but it is used as casual banter, self-expression, or emotional emphasis rather than hate speech."
Kick off ya shoes & relax ya fuckin feet bitch ,0,2,normal,hate,normal -> hate,TweetEval,Profanity/slang used non-hatefully,"Contains profanity or slang, but it is used as casual banter, self-expression, or emotional emphasis rather than hate speech."
"@user The swamp yeah lol ""You from Baltimore bitch"" ",0,2,normal,hate,normal -> hate,TweetEval,Profanity/slang used non-hatefully,"Contains profanity or slang, but it is used as casual banter, self-expression, or emotional emphasis rather than hate speech."
im a bitch and have sick sense of humor so no one likes me but i'm just like whatevs boo you whore ,0,2,normal,hate,normal -> hate,TweetEval,Profanity/slang used non-hatefully,"Contains profanity or slang, but it is used as casual banter, self-expression, or emotional emphasis rather than hate speech."
#buildThatWall#lockHerUp#RedWaveRising #Trump2024#MAGA#MACA(Christian Again)#CharlottesvilleGoodPeople ,0,2,normal,hate,normal -> hate,TweetEval,Political hashtag or slogan bias,"Contains political hashtags or anti-immigration/religion cues, which likely triggered a toxic prediction, but the text does not explicitly express hate toward a protected group."
"Unfortunately not ALL #Republicans -- not @user , questionable w/ @user With ""leaders"" like those, it is like having 3 #Pelosi #FundTheWall#BuildThatWall ",0,2,normal,hate,normal -> hate,TweetEval,Political hashtag or slogan bias,"Contains political hashtags or anti-immigration/religion cues, which likely triggered a toxic prediction, but the text does not explicitly express hate toward a protected group."
@user ur vids are great but learn to not be an asshole off camera bitch ,0,2,normal,hate,normal -> hate,TweetEval,Profanity/slang used non-hatefully,"Contains profanity or slang, but it is used as casual banter, self-expression, or emotional emphasis rather than hate speech."
@user Bitch yk I don't eat pussy fuck hoe ,0,2,normal,hate,normal -> hate,TweetEval,Profanity/slang used non-hatefully,"Contains profanity or slang, but it is used as casual banter, self-expression, or emotional emphasis rather than hate speech."
You & yo bitch some ratchet Bonnie & Clyde hoe ,0,2,normal,hate,normal -> hate,TweetEval,Profanity/slang used non-hatefully,"Contains profanity or slang, but it is used as casual banter, self-expression, or emotional emphasis rather than hate speech."
@user @user @user knows her audience & how nave & ignorant they are; that they will believe anything regardless how ridiculous. These politicians have NO RESPECT for their constituency.#MAGA #KAG #POTUS #Trump #NEWS #VoteRed #NoDACA #WalkAway #AmericaFirst #USA #BuildTheWall ,0,2,normal,hate,normal -> hate,TweetEval,Quoted/counter-speech/reclaimed usage,"The tweet contains sensitive language in a quoted, discussed, or reclaimed form rather than direct hateful intent."
"@user Harp, chem trails they control the weather n other uses,if ur weather sucks complain #Stopthechemtrains #MAGA #TRUMP 2020 #BUILDTHATWALL ",0,2,normal,hate,normal -> hate,TweetEval,Quoted/counter-speech/reclaimed usage,"The tweet contains sensitive language in a quoted, discussed, or reclaimed form rather than direct hateful intent."
@user Yes bitch lets go ,2,1,hate,offensive,hate -> offensive,TweetEval,Profanity/slang used non-hatefully,"Contains profanity or slang, but it is used as casual banter, self-expression, or emotional emphasis rather than hate speech."
Whoever just unfollowed me you a bitch ,2,0,hate,normal,hate -> normal,TweetEval,Offensive-hate boundary ambiguity,"The text is clearly abusive, but the target group and hateful intent are not explicit, making the boundary between offensive and hate ambiguous."
